,area,year,area_code,sports_participation,percentage
0,Barking And Dagenham,2005-2006,00AB,0,0.6810631229235881
1,Barking And Dagenham,2005-2006,00AB,1,0.18826135105204878
2,Barking And Dagenham,2005-2006,00AB,2,0.13067552602436325
3,Barking And Dagenham,2007-2008,00AB,0,0.7028824833702882
4,Barking And Dagenham,2007-2008,00AB,1,0.14855875831485588
5,Barking And Dagenham,2007-2008,00AB,2,0.14855875831485588
6,Barking And Dagenham,2008-2009,00AB,0,0.6499442586399108
7,Barking And Dagenham,2008-2009,00AB,1,0.16945373467112596
8,Barking And Dagenham,2008-2009,00AB,2,0.1806020066889632
9,Barking And Dagenham,2009-2010,00AB,0,0.698394495412844
10,Barking And Dagenham,2009-2010,00AB,1,0.15711009174311927
11,Barking And Dagenham,2009-2010,00AB,2,0.1444954128440367
12,Barking And Dagenham,2010-2011,00AB,0,0.6982857142857143
13,Barking And Dagenham,2010-2011,00AB,1,0.15542857142857144
14,Barking And Dagenham,2010-2011,00AB,2,0.1462857142857143
15,Barking And Dagenham,2011-2012,00AB,0,0.6662830840046029
16,Barking And Dagenham,2011-2012,00AB,1,0.18296892980437282
17,Barking And Dagenham,2011-2012,00AB,2,0.15074798619102417
18,Barking And Dagenham,2012-2013,00AB,0,0.6996547756041427
19,Barking And Dagenham,2012-2013,00AB,1,0.14499424626006904
20,Barking And Dagenham,2012-2013,00AB,2,0.15535097813578827
21,Barking And Dagenham,2013-2014,00AB,0,0.7423728813559323
22,Barking And Dagenham,2013-2014,00AB,1,0.1231638418079096
23,Barking And Dagenham,2013-2014,00AB,2,0.1344632768361582
24,Barking And Dagenham,2014-2015,00AB,0,0.7058823529411765
25,Barking And Dagenham,2014-2015,00AB,1,0.13762486126526086
26,Barking And Dagenham,2014-2015,00AB,2,0.15649278579356268
27,Barking And Dagenham,2015-2016,00AB,0,0.7298474945533769
28,Barking And Dagenham,2015-2016,00AB,1,0.11982570806100216
29,Barking And Dagenham,2015-2016,00AB,2,0.1503267973856209
30,Barnet,2005-2006,00AC,0,0.5862068965517241
31,Barnet,2005-2006,00AC,1,0.239154616240267
32,Barnet,2005-2006,00AC,2,0.17463848720800887
33,Barnet,2007-2008,00AC,0,0.5364963503649635
34,Barnet,2007-2008,00AC,1,0.24209245742092456
35,Barnet,2007-2008,00AC,2,0.2214111922141119
36,Barnet,2008-2009,00AC,0,0.5863636363636364
37,Barnet,2008-2009,00AC,1,0.22045454545454543
38,Barnet,2008-2009,00AC,2,0.1931818181818182
39,Barnet,2009-2010,00AC,0,0.5712656784492588
40,Barnet,2009-2010,00AC,1,0.21436716077537057
41,Barnet,2009-2010,00AC,2,0.21436716077537057
42,Barnet,2010-2011,00AC,0,0.5761124121779859
43,Barnet,2010-2011,00AC,1,0.2505854800936768
44,Barnet,2010-2011,00AC,2,0.17330210772833723
45,Barnet,2011-2012,00AC,0,0.5644599303135889
46,Barnet,2011-2012,00AC,1,0.23228803716608595
47,Barnet,2011-2012,00AC,2,0.2032520325203252
48,Barnet,2012-2013,00AC,0,0.5581920903954802
49,Barnet,2012-2013,00AC,1,0.23389830508474577
50,Barnet,2012-2013,00AC,2,0.207909604519774
51,Barnet,2013-2014,00AC,0,0.5238649592549476
52,Barnet,2013-2014,00AC,1,0.2875436554132712
53,Barnet,2013-2014,00AC,2,0.18859138533178116
54,Barnet,2014-2015,00AC,0,0.5959271168274384
55,Barnet,2014-2015,00AC,1,0.210075026795284
56,Barnet,2014-2015,00AC,2,0.19399785637727762
57,Barnet,2015-2016,00AC,0,0.5508379888268157
58,Barnet,2015-2016,00AC,1,0.25139664804469275
59,Barnet,2015-2016,00AC,2,0.1977653631284916
60,Bexley,2005-2006,00AD,0,0.6338672768878718
61,Bexley,2005-2006,00AD,1,0.18306636155606407
62,Bexley,2005-2006,00AD,2,0.18306636155606407
63,Bexley,2007-2008,00AD,0,0.6334841628959276
64,Bexley,2007-2008,00AD,1,0.22285067873303166
65,Bexley,2007-2008,00AD,2,0.1436651583710407
66,Bexley,2008-2009,00AD,0,0.5944380069524914
67,Bexley,2008-2009,00AD,1,0.22943221320973348
68,Bexley,2008-2009,00AD,2,0.1761297798377752
69,Bexley,2009-2010,00AD,0,0.6530147895335608
70,Bexley,2009-2010,00AD,1,0.19340159271899884
71,Bexley,2009-2010,00AD,2,0.15358361774744028
72,Bexley,2010-2011,00AD,0,0.5808656036446469
73,Bexley,2010-2011,00AD,1,0.21526195899772207
74,Bexley,2010-2011,00AD,2,0.20387243735763094
75,Bexley,2011-2012,00AD,0,0.5986316989737742
76,Bexley,2011-2012,00AD,1,0.24173318129988597
77,Bexley,2011-2012,00AD,2,0.15963511972633979
78,Bexley,2012-2013,00AD,0,0.5974625144175317
79,Bexley,2012-2013,00AD,1,0.19031141868512108
80,Bexley,2012-2013,00AD,2,0.21222606689734716
81,Bexley,2013-2014,00AD,0,0.6224598930481284
82,Bexley,2013-2014,00AD,1,0.19144385026737967
83,Bexley,2013-2014,00AD,2,0.18609625668449195
84,Bexley,2014-2015,00AD,0,0.6355653128430295
85,Bexley,2014-2015,00AD,1,0.2030735455543359
86,Bexley,2014-2015,00AD,2,0.16136114160263446
87,Bexley,2015-2016,00AD,0,0.5929978118161926
88,Bexley,2015-2016,00AD,1,0.18927789934354491
89,Bexley,2015-2016,00AD,2,0.21772428884026254
90,Brent,2005-2006,00AE,0,0.6760722347629796
91,Brent,2005-2006,00AE,1,0.16817155756207672
92,Brent,2005-2006,00AE,2,0.15575620767494358
93,Brent,2007-2008,00AE,0,0.6232718894009216
94,Brent,2007-2008,00AE,1,0.19815668202764977
95,Brent,2007-2008,00AE,2,0.17857142857142855
96,Brent,2008-2009,00AE,0,0.6196531791907515
97,Brent,2008-2009,00AE,1,0.22890173410404618
98,Brent,2008-2009,00AE,2,0.15144508670520232
99,Brent,2009-2010,00AE,0,0.6131968145620023
100,Brent,2009-2010,00AE,1,0.229806598407281
101,Brent,2009-2010,00AE,2,0.15699658703071673
102,Brent,2010-2011,00AE,0,0.707514450867052
103,Brent,2010-2011,00AE,1,0.12369942196531794
104,Brent,2010-2011,00AE,2,0.16878612716763006
105,Brent,2011-2012,00AE,0,0.6322360953461975
106,Brent,2011-2012,00AE,1,0.15891032917139616
107,Brent,2011-2012,00AE,2,0.20885357548240635
108,Brent,2012-2013,00AE,0,0.6295454545454545
109,Brent,2012-2013,00AE,1,0.20568181818181822
110,Brent,2012-2013,00AE,2,0.16477272727272727
111,Brent,2013-2014,00AE,0,0.6022727272727272
112,Brent,2013-2014,00AE,1,0.18068181818181814
113,Brent,2013-2014,00AE,2,0.2170454545454545
114,Brent,2014-2015,00AE,0,0.6594124047878128
115,Brent,2014-2015,00AE,1,0.205658324265506
116,Brent,2014-2015,00AE,2,0.1349292709466812
117,Brent,2015-2016,00AE,0,0.6405375139977604
118,Brent,2015-2016,00AE,1,0.18924972004479282
119,Brent,2015-2016,00AE,2,0.17021276595744678
120,Bromley,2005-2006,00AF,0,0.5873731679819617
121,Bromley,2005-2006,00AF,1,0.237880496054115
122,Bromley,2005-2006,00AF,2,0.17474633596392333
123,Bromley,2007-2008,00AF,0,0.5738636363636364
124,Bromley,2007-2008,00AF,1,0.21477272727272725
125,Bromley,2007-2008,00AF,2,0.2113636363636364
126,Bromley,2008-2009,00AF,0,0.5308498253783469
127,Bromley,2008-2009,00AF,1,0.27008149010477295
128,Bromley,2008-2009,00AF,2,0.19906868451688012
129,Bromley,2009-2010,00AF,0,0.5628604382929643
130,Bromley,2009-2010,00AF,1,0.25144175317185696
131,Bromley,2009-2010,00AF,2,0.18569780853517878
132,Bromley,2010-2011,00AF,0,0.5592028135990622
133,Bromley,2010-2011,00AF,1,0.20281359906213364
134,Bromley,2010-2011,00AF,2,0.23798358733880423
135,Bromley,2011-2012,00AF,0,0.5577367205542725
136,Bromley,2011-2012,00AF,1,0.2505773672055427
137,Bromley,2011-2012,00AF,2,0.19168591224018477
138,Bromley,2012-2013,00AF,0,0.5217889908256881
139,Bromley,2012-2013,00AF,1,0.2637614678899083
140,Bromley,2012-2013,00AF,2,0.21444954128440363
141,Bromley,2013-2014,00AF,0,0.6046511627906976
142,Bromley,2013-2014,00AF,1,0.21976744186046512
143,Bromley,2013-2014,00AF,2,0.17558139534883718
144,Bromley,2014-2015,00AF,0,0.5152887882219706
145,Bromley,2014-2015,00AF,1,0.2434881087202718
146,Bromley,2014-2015,00AF,2,0.24122310305775763
147,Bromley,2015-2016,00AF,0,0.5278396436525613
148,Bromley,2015-2016,00AF,1,0.26280623608017817
149,Bromley,2015-2016,00AF,2,0.2093541202672606
150,Camden,2005-2006,00AG,0,0.5391812865497077
151,Camden,2005-2006,00AG,1,0.2502923976608187
152,Camden,2005-2006,00AG,2,0.21052631578947367
153,Camden,2007-2008,00AG,0,0.516627078384798
154,Camden,2007-2008,00AG,1,0.2660332541567696
155,Camden,2007-2008,00AG,2,0.21733966745843228
156,Camden,2008-2009,00AG,0,0.5062857142857142
157,Camden,2008-2009,00AG,1,0.2354285714285715
158,Camden,2008-2009,00AG,2,0.2582857142857143
159,Camden,2009-2010,00AG,0,0.5322763306908267
160,Camden,2009-2010,00AG,1,0.25481313703284253
161,Camden,2009-2010,00AG,2,0.2129105322763307
162,Camden,2010-2011,00AG,0,0.5148279952550415
163,Camden,2010-2011,00AG,1,0.28113879003558717
164,Camden,2010-2011,00AG,2,0.20403321470937127
165,Camden,2011-2012,00AG,0,0.531435349940688
166,Camden,2011-2012,00AG,1,0.2514827995255042
167,Camden,2011-2012,00AG,2,0.21708185053380782
168,Camden,2012-2013,00AG,0,0.4728950403690888
169,Camden,2012-2013,00AG,1,0.25836216839677045
170,Camden,2012-2013,00AG,2,0.26874279123414074
171,Camden,2013-2014,00AG,0,0.466824644549763
172,Camden,2013-2014,00AG,1,0.2677725118483413
173,Camden,2013-2014,00AG,2,0.2654028436018957
174,Camden,2014-2015,00AG,0,0.5062713797035348
175,Camden,2014-2015,00AG,1,0.23375142531356896
176,Camden,2014-2015,00AG,2,0.25997719498289623
177,Camden,2015-2016,00AG,0,0.42198581560283693
178,Camden,2015-2016,00AG,1,0.2860520094562648
179,Camden,2015-2016,00AG,2,0.2919621749408984
180,Croydon,2005-2006,00AH,0,0.6196868008948545
181,Croydon,2005-2006,00AH,1,0.21252796420581657
182,Croydon,2005-2006,00AH,2,0.16778523489932884
183,Croydon,2007-2008,00AH,0,0.6025492468134415
184,Croydon,2007-2008,00AH,1,0.21668597914252605
185,Croydon,2007-2008,00AH,2,0.18076477404403243
186,Croydon,2008-2009,00AH,0,0.6222732491389208
187,Croydon,2008-2009,00AH,1,0.2146957520091848
188,Croydon,2008-2009,00AH,2,0.16303099885189437
189,Croydon,2009-2010,00AH,0,0.6137142857142858
190,Croydon,2009-2010,00AH,1,0.23199999999999996
191,Croydon,2009-2010,00AH,2,0.1542857142857143
192,Croydon,2010-2011,00AH,0,0.6007067137809188
193,Croydon,2010-2011,00AH,1,0.2261484098939929
194,Croydon,2010-2011,00AH,2,0.17314487632508832
195,Croydon,2011-2012,00AH,0,0.6107986501687288
196,Croydon,2011-2012,00AH,1,0.16872890888638922
197,Croydon,2011-2012,00AH,2,0.2204724409448819
198,Croydon,2012-2013,00AH,0,0.5832389580973952
199,Croydon,2012-2013,00AH,1,0.21970554926387317
200,Croydon,2012-2013,00AH,2,0.1970554926387316
201,Croydon,2013-2014,00AH,0,0.6004645760743322
202,Croydon,2013-2014,00AH,1,0.2555168408826945
203,Croydon,2013-2014,00AH,2,0.1440185830429733
204,Croydon,2014-2015,00AH,0,0.6075514874141876
205,Croydon,2014-2015,00AH,1,0.19107551487414182
206,Croydon,2014-2015,00AH,2,0.2013729977116705
207,Croydon,2015-2016,00AH,0,0.6045949214026602
208,Croydon,2015-2016,00AH,1,0.2817412333736397
209,Croydon,2015-2016,00AH,2,0.11366384522370013
210,Ealing,2005-2006,00AJ,0,0.5866050808314088
211,Ealing,2005-2006,00AJ,1,0.21939953810623553
212,Ealing,2005-2006,00AJ,2,0.19399538106235567
213,Ealing,2007-2008,00AJ,0,0.5832389580973952
214,Ealing,2007-2008,00AJ,1,0.20498301245753114
215,Ealing,2007-2008,00AJ,2,0.21177802944507362
216,Ealing,2008-2009,00AJ,0,0.5924276169265033
217,Ealing,2008-2009,00AJ,1,0.210467706013363
218,Ealing,2008-2009,00AJ,2,0.1971046770601336
219,Ealing,2009-2010,00AJ,0,0.6109215017064846
220,Ealing,2009-2010,00AJ,1,0.20819112627986347
221,Ealing,2009-2010,00AJ,2,0.18088737201365185
222,Ealing,2010-2011,00AJ,0,0.6596244131455399
223,Ealing,2010-2011,00AJ,1,0.1889671361502347
224,Ealing,2010-2011,00AJ,2,0.15140845070422534
225,Ealing,2011-2012,00AJ,0,0.5664804469273743
226,Ealing,2011-2012,00AJ,1,0.2491620111731843
227,Ealing,2011-2012,00AJ,2,0.18435754189944134
228,Ealing,2012-2013,00AJ,0,0.5717566016073479
229,Ealing,2012-2013,00AJ,1,0.18943742824339838
230,Ealing,2012-2013,00AJ,2,0.23880597014925375
231,Ealing,2013-2014,00AJ,0,0.5477855477855479
232,Ealing,2013-2014,00AJ,1,0.21678321678321677
233,Ealing,2013-2014,00AJ,2,0.23543123543123545
234,Ealing,2014-2015,00AJ,0,0.5780730897009967
235,Ealing,2014-2015,00AJ,1,0.2513842746400886
236,Ealing,2014-2015,00AJ,2,0.17054263565891473
237,Ealing,2015-2016,00AJ,0,0.5692137320044297
238,Ealing,2015-2016,00AJ,1,0.21594684385382062
239,Ealing,2015-2016,00AJ,2,0.2148394241417497
240,Enfield,2005-2006,00AK,0,0.6280353200883001
241,Enfield,2005-2006,00AK,1,0.18653421633554085
242,Enfield,2005-2006,00AK,2,0.18543046357615894
243,Enfield,2007-2008,00AK,0,0.61795166858458
244,Enfield,2007-2008,00AK,1,0.23475258918296893
245,Enfield,2007-2008,00AK,2,0.14729574223245107
246,Enfield,2008-2009,00AK,0,0.596218020022247
247,Enfield,2008-2009,00AK,1,0.23359288097886538
248,Enfield,2008-2009,00AK,2,0.17018909899888765
249,Enfield,2009-2010,00AK,0,0.6579572446555819
250,Enfield,2009-2010,00AK,1,0.18052256532066513
251,Enfield,2009-2010,00AK,2,0.16152019002375298
252,Enfield,2010-2011,00AK,0,0.6280417149478563
253,Enfield,2010-2011,00AK,1,0.24333719582850524
254,Enfield,2010-2011,00AK,2,0.12862108922363846
255,Enfield,2011-2012,00AK,0,0.5830469644902635
256,Enfield,2011-2012,00AK,1,0.24284077892325315
257,Enfield,2011-2012,00AK,2,0.17411225658648338
258,Enfield,2012-2013,00AK,0,0.6326530612244897
259,Enfield,2012-2013,00AK,1,0.20181405895691612
260,Enfield,2012-2013,00AK,2,0.1655328798185941
261,Enfield,2013-2014,00AK,0,0.5995525727069352
262,Enfield,2013-2014,00AK,1,0.22595078299776283
263,Enfield,2013-2014,00AK,2,0.174496644295302
264,Enfield,2014-2015,00AK,0,0.5986984815618221
265,Enfield,2014-2015,00AK,1,0.2266811279826464
266,Enfield,2014-2015,00AK,2,0.17462039045553146
267,Enfield,2015-2016,00AK,0,0.6674082313681869
268,Enfield,2015-2016,00AK,1,0.185761957730812
269,Enfield,2015-2016,00AK,2,0.14682981090100114
270,Greenwich,2005-2006,00AL,0,0.6412556053811659
271,Greenwich,2005-2006,00AL,1,0.17376681614349773
272,Greenwich,2005-2006,00AL,2,0.1849775784753363
273,Greenwich,2007-2008,00AL,0,0.6013667425968109
274,Greenwich,2007-2008,00AL,1,0.20842824601366738
275,Greenwich,2007-2008,00AL,2,0.1902050113895216
276,Greenwich,2008-2009,00AL,0,0.5725359911406424
277,Greenwich,2008-2009,00AL,1,0.17386489479512737
278,Greenwich,2008-2009,00AL,2,0.2535991140642303
279,Greenwich,2009-2010,00AL,0,0.6318234610917538
280,Greenwich,2009-2010,00AL,1,0.173054587688734
281,Greenwich,2009-2010,00AL,2,0.19512195121951217
282,Greenwich,2010-2011,00AL,0,0.6251468860164512
283,Greenwich,2010-2011,00AL,1,0.21974148061104581
284,Greenwich,2010-2011,00AL,2,0.15511163337250292
285,Greenwich,2011-2012,00AL,0,0.5871040723981901
286,Greenwich,2011-2012,00AL,1,0.23868778280542985
287,Greenwich,2011-2012,00AL,2,0.17420814479638008
288,Greenwich,2012-2013,00AL,0,0.6098130841121495
289,Greenwich,2012-2013,00AL,1,0.21378504672897192
290,Greenwich,2012-2013,00AL,2,0.1764018691588785
291,Greenwich,2013-2014,00AL,0,0.613013698630137
292,Greenwich,2013-2014,00AL,1,0.20547945205479448
293,Greenwich,2013-2014,00AL,2,0.1815068493150685
294,Greenwich,2014-2015,00AL,0,0.6382022471910112
295,Greenwich,2014-2015,00AL,1,0.18876404494382024
296,Greenwich,2014-2015,00AL,2,0.17303370786516853
297,Greenwich,2015-2016,00AL,0,0.5786384976525821
298,Greenwich,2015-2016,00AL,1,0.21478873239436616
299,Greenwich,2015-2016,00AL,2,0.20657276995305168
300,Hackney,2005-2006,00AM,0,0.6308571428571429
301,Hackney,2005-2006,00AM,1,0.19542857142857137
302,Hackney,2005-2006,00AM,2,0.1737142857142857
303,Hackney,2007-2008,00AM,0,0.613953488372093
304,Hackney,2007-2008,00AM,1,0.20232558139534884
305,Hackney,2007-2008,00AM,2,0.18372093023255812
306,Hackney,2008-2009,00AM,0,0.6209677419354839
307,Hackney,2008-2009,00AM,1,0.1820276497695852
308,Hackney,2008-2009,00AM,2,0.19700460829493088
309,Hackney,2009-2010,00AM,0,0.5838020247469067
310,Hackney,2009-2010,00AM,1,0.2080989876265467
311,Hackney,2009-2010,00AM,2,0.2080989876265467
312,Hackney,2010-2011,00AM,0,0.5390070921985816
313,Hackney,2010-2011,00AM,1,0.24822695035460993
314,Hackney,2010-2011,00AM,2,0.21276595744680848
315,Hackney,2011-2012,00AM,0,0.5668571428571428
316,Hackney,2011-2012,00AM,1,0.1965714285714286
317,Hackney,2011-2012,00AM,2,0.23657142857142857
318,Hackney,2012-2013,00AM,0,0.5533869115958668
319,Hackney,2012-2013,00AM,1,0.2411021814006889
320,Hackney,2012-2013,00AM,2,0.20551090700344432
321,Hackney,2013-2014,00AM,0,0.5853658536585366
322,Hackney,2013-2014,00AM,1,0.19955654101995568
323,Hackney,2013-2014,00AM,2,0.21507760532150774
324,Hackney,2014-2015,00AM,0,0.5752625437572929
325,Hackney,2014-2015,00AM,1,0.21586931155192532
326,Hackney,2014-2015,00AM,2,0.2088681446907818
327,Hackney,2015-2016,00AM,0,0.5571587125416204
328,Hackney,2015-2016,00AM,1,0.2419533851276359
329,Hackney,2015-2016,00AM,2,0.20088790233074363
330,Hammersmith And Fulham,2005-2006,00AN,0,0.5177956371986223
331,Hammersmith And Fulham,2005-2006,00AN,1,0.2422502870264064
332,Hammersmith And Fulham,2005-2006,00AN,2,0.2399540757749713
333,Hammersmith And Fulham,2007-2008,00AN,0,0.5262569832402235
334,Hammersmith And Fulham,2007-2008,00AN,1,0.24022346368715083
335,Hammersmith And Fulham,2007-2008,00AN,2,0.23351955307262567
336,Hammersmith And Fulham,2008-2009,00AN,0,0.4554913294797687
337,Hammersmith And Fulham,2008-2009,00AN,1,0.2589595375722544
338,Hammersmith And Fulham,2008-2009,00AN,2,0.2855491329479769
339,Hammersmith And Fulham,2009-2010,00AN,0,0.49607182940516276
340,Hammersmith And Fulham,2009-2010,00AN,1,0.2356902356902357
341,Hammersmith And Fulham,2009-2010,00AN,2,0.26823793490460157
342,Hammersmith And Fulham,2010-2011,00AN,0,0.5
343,Hammersmith And Fulham,2010-2011,00AN,1,0.2793791574279379
344,Hammersmith And Fulham,2010-2011,00AN,2,0.22062084257206205
345,Hammersmith And Fulham,2011-2012,00AN,0,0.47850055126791624
346,Hammersmith And Fulham,2011-2012,00AN,1,0.3042998897464168
347,Hammersmith And Fulham,2011-2012,00AN,2,0.21719955898566704
348,Hammersmith And Fulham,2012-2013,00AN,0,0.5
349,Hammersmith And Fulham,2012-2013,00AN,1,0.19117647058823528
350,Hammersmith And Fulham,2012-2013,00AN,2,0.3088235294117647
351,Hammersmith And Fulham,2013-2014,00AN,0,0.4525205158264948
352,Hammersmith And Fulham,2013-2014,00AN,1,0.2497069167643611
353,Hammersmith And Fulham,2013-2014,00AN,2,0.2977725674091442
354,Hammersmith And Fulham,2014-2015,00AN,0,0.53429203539823
355,Hammersmith And Fulham,2014-2015,00AN,1,0.20022123893805316
356,Hammersmith And Fulham,2014-2015,00AN,2,0.2654867256637168
357,Hammersmith And Fulham,2015-2016,00AN,0,0.5063583815028901
358,Hammersmith And Fulham,2015-2016,00AN,1,0.2578034682080926
359,Hammersmith And Fulham,2015-2016,00AN,2,0.23583815028901733
360,Haringey,2005-2006,00AP,0,0.5979729729729729
361,Haringey,2005-2006,00AP,1,0.20270270270270274
362,Haringey,2005-2006,00AP,2,0.1993243243243243
363,Haringey,2007-2008,00AP,0,0.5709382151029747
364,Haringey,2007-2008,00AP,1,0.23569794050343248
365,Haringey,2007-2008,00AP,2,0.19336384439359264
366,Haringey,2008-2009,00AP,0,0.5950782997762863
367,Haringey,2008-2009,00AP,1,0.20693512304250564
368,Haringey,2008-2009,00AP,2,0.19798657718120802
369,Haringey,2009-2010,00AP,0,0.5743243243243245
370,Haringey,2009-2010,00AP,1,0.22409909909909909
371,Haringey,2009-2010,00AP,2,0.2015765765765766
372,Haringey,2010-2011,00AP,0,0.5700824499411072
373,Haringey,2010-2011,00AP,1,0.21672555948174319
374,Haringey,2010-2011,00AP,2,0.21319199057714963
375,Haringey,2011-2012,00AP,0,0.570627802690583
376,Haringey,2011-2012,00AP,1,0.23206278026905822
377,Haringey,2011-2012,00AP,2,0.19730941704035876
378,Haringey,2012-2013,00AP,0,0.5592635212888377
379,Haringey,2012-2013,00AP,1,0.23360184119677785
380,Haringey,2012-2013,00AP,2,0.20713463751438435
381,Haringey,2013-2014,00AP,0,0.5174353205849269
382,Haringey,2013-2014,00AP,1,0.26321709786276715
383,Haringey,2013-2014,00AP,2,0.21934758155230596
384,Haringey,2014-2015,00AP,0,0.5686046511627907
385,Haringey,2014-2015,00AP,1,0.16627906976744186
386,Haringey,2014-2015,00AP,2,0.2651162790697675
387,Haringey,2015-2016,00AP,0,0.5050167224080268
388,Haringey,2015-2016,00AP,1,0.23857302118171686
389,Haringey,2015-2016,00AP,2,0.25641025641025644
390,Harrow,2005-2006,00AQ,0,0.6358511837655016
391,Harrow,2005-2006,00AQ,1,0.20518602029312288
392,Harrow,2005-2006,00AQ,2,0.1589627959413754
393,Harrow,2007-2008,00AQ,0,0.6514084507042254
394,Harrow,2007-2008,00AQ,1,0.20305164319248825
395,Harrow,2007-2008,00AQ,2,0.14553990610328638
396,Harrow,2008-2009,00AQ,0,0.6204889406286379
397,Harrow,2008-2009,00AQ,1,0.21071012805587896
398,Harrow,2008-2009,00AQ,2,0.1688009313154831
399,Harrow,2009-2010,00AQ,0,0.6128293241695304
400,Harrow,2009-2010,00AQ,1,0.1855670103092783
401,Harrow,2009-2010,00AQ,2,0.20160366552119133
402,Harrow,2010-2011,00AQ,0,0.5892648774795799
403,Harrow,2010-2011,00AQ,1,0.20770128354725795
404,Harrow,2010-2011,00AQ,2,0.20303383897316218
405,Harrow,2011-2012,00AQ,0,0.5934579439252337
406,Harrow,2011-2012,00AQ,1,0.22196261682242988
407,Harrow,2011-2012,00AQ,2,0.18457943925233644
408,Harrow,2012-2013,00AQ,0,0.5902777777777778
409,Harrow,2012-2013,00AQ,1,0.24305555555555552
410,Harrow,2012-2013,00AQ,2,0.16666666666666669
411,Harrow,2013-2014,00AQ,0,0.6402640264026402
412,Harrow,2013-2014,00AQ,1,0.198019801980198
413,Harrow,2013-2014,00AQ,2,0.16171617161716167
414,Harrow,2014-2015,00AQ,0,0.5964523281596452
415,Harrow,2014-2015,00AQ,1,0.2139689578713969
416,Harrow,2014-2015,00AQ,2,0.1895787139689579
417,Harrow,2015-2016,00AQ,0,0.6174568965517241
418,Harrow,2015-2016,00AQ,1,0.20150862068965517
419,Harrow,2015-2016,00AQ,2,0.18103448275862072
420,Havering,2005-2006,00AR,0,0.6431818181818182
421,Havering,2005-2006,00AR,1,0.18636363636363634
422,Havering,2005-2006,00AR,2,0.17045454545454541
423,Havering,2007-2008,00AR,0,0.6015625
424,Havering,2007-2008,00AR,1,0.23995535714285718
425,Havering,2007-2008,00AR,2,0.15848214285714282
426,Havering,2008-2009,00AR,0,0.601328903654485
427,Havering,2008-2009,00AR,1,0.2115171650055371
428,Havering,2008-2009,00AR,2,0.18715393133997782
429,Havering,2009-2010,00AR,0,0.6262975778546712
430,Havering,2009-2010,00AR,1,0.19261822376009227
431,Havering,2009-2010,00AR,2,0.18108419838523646
432,Havering,2010-2011,00AR,0,0.6370967741935483
433,Havering,2010-2011,00AR,1,0.18202764976958527
434,Havering,2010-2011,00AR,2,0.18087557603686635
435,Havering,2011-2012,00AR,0,0.6289237668161435
436,Havering,2011-2012,00AR,1,0.18273542600896858
437,Havering,2011-2012,00AR,2,0.18834080717488788
438,Havering,2012-2013,00AR,0,0.6295045045045045
439,Havering,2012-2013,00AR,1,0.1734234234234234
440,Havering,2012-2013,00AR,2,0.19707207207207209
441,Havering,2013-2014,00AR,0,0.6328392246294184
442,Havering,2013-2014,00AR,1,0.18700114025085518
443,Havering,2013-2014,00AR,2,0.18015963511972632
444,Havering,2014-2015,00AR,0,0.5918591859185918
445,Havering,2014-2015,00AR,1,0.22442244224422442
446,Havering,2014-2015,00AR,2,0.1837183718371837
447,Havering,2015-2016,00AR,0,0.5999999999999999
448,Havering,2015-2016,00AR,1,0.23204419889502767
449,Havering,2015-2016,00AR,2,0.16795580110497238
450,Hillingdon,2005-2006,00AS,0,0.6083521444695259
451,Hillingdon,2005-2006,00AS,1,0.2110609480812641
452,Hillingdon,2005-2006,00AS,2,0.1805869074492099
453,Hillingdon,2007-2008,00AS,0,0.5824682814302191
454,Hillingdon,2007-2008,00AS,1,0.20991926182237608
455,Hillingdon,2007-2008,00AS,2,0.20761245674740483
456,Hillingdon,2008-2009,00AS,0,0.5451428571428572
457,Hillingdon,2008-2009,00AS,1,0.2628571428571428
458,Hillingdon,2008-2009,00AS,2,0.192
459,Hillingdon,2009-2010,00AS,0,0.6161731207289294
460,Hillingdon,2009-2010,00AS,1,0.2152619589977221
461,Hillingdon,2009-2010,00AS,2,0.16856492027334855
462,Hillingdon,2010-2011,00AS,0,0.6689497716894978
463,Hillingdon,2010-2011,00AS,1,0.20776255707762556
464,Hillingdon,2010-2011,00AS,2,0.12328767123287675
465,Hillingdon,2011-2012,00AS,0,0.6167452830188679
466,Hillingdon,2011-2012,00AS,1,0.1981132075471698
467,Hillingdon,2011-2012,00AS,2,0.18514150943396224
468,Hillingdon,2012-2013,00AS,0,0.5344262295081967
469,Hillingdon,2012-2013,00AS,1,0.23278688524590166
470,Hillingdon,2012-2013,00AS,2,0.23278688524590166
471,Hillingdon,2013-2014,00AS,0,0.6296296296296297
472,Hillingdon,2013-2014,00AS,1,0.17845117845117842
473,Hillingdon,2013-2014,00AS,2,0.1919191919191919
474,Hillingdon,2014-2015,00AS,0,0.673224043715847
475,Hillingdon,2014-2015,00AS,1,0.18032786885245902
476,Hillingdon,2014-2015,00AS,2,0.14644808743169402
477,Hillingdon,2015-2016,00AS,0,0.6628571428571429
478,Hillingdon,2015-2016,00AS,1,0.19542857142857142
479,Hillingdon,2015-2016,00AS,2,0.14171428571428574
480,Hounslow,2005-2006,00AT,0,0.6251415628539072
481,Hounslow,2005-2006,00AT,1,0.1891279728199321
482,Hounslow,2005-2006,00AT,2,0.18573046432616078
483,Hounslow,2007-2008,00AT,0,0.5949820788530467
484,Hounslow,2007-2008,00AT,1,0.2270011947431302
485,Hounslow,2007-2008,00AT,2,0.17801672640382318
486,Hounslow,2008-2009,00AT,0,0.5892857142857142
487,Hounslow,2008-2009,00AT,1,0.21093749999999997
488,Hounslow,2008-2009,00AT,2,0.19977678571428567
489,Hounslow,2009-2010,00AT,0,0.6352272727272726
490,Hounslow,2009-2010,00AT,1,0.19204545454545455
491,Hounslow,2009-2010,00AT,2,0.17272727272727273
492,Hounslow,2010-2011,00AT,0,0.6058890147225369
493,Hounslow,2010-2011,00AT,1,0.18120045300113247
494,Hounslow,2010-2011,00AT,2,0.2129105322763307
495,Hounslow,2011-2012,00AT,0,0.5491525423728814
496,Hounslow,2011-2012,00AT,1,0.22033898305084745
497,Hounslow,2011-2012,00AT,2,0.2305084745762712
498,Hounslow,2012-2013,00AT,0,0.6159250585480095
499,Hounslow,2012-2013,00AT,1,0.1920374707259953
500,Hounslow,2012-2013,00AT,2,0.1920374707259953
501,Hounslow,2013-2014,00AT,0,0.5114155251141552
502,Hounslow,2013-2014,00AT,1,0.2568493150684932
503,Hounslow,2013-2014,00AT,2,0.23173515981735165
504,Hounslow,2014-2015,00AT,0,0.5919037199124727
505,Hounslow,2014-2015,00AT,1,0.18708971553610504
506,Hounslow,2014-2015,00AT,2,0.22100656455142229
507,Hounslow,2015-2016,00AT,0,0.6008869179600888
508,Hounslow,2015-2016,00AT,1,0.21064301552106426
509,Hounslow,2015-2016,00AT,2,0.188470066518847
510,Islington,2005-2006,00AU,0,0.6059907834101382
511,Islington,2005-2006,00AU,1,0.20852534562211983
512,Islington,2005-2006,00AU,2,0.1854838709677419
513,Islington,2007-2008,00AU,0,0.5590277777777778
514,Islington,2007-2008,00AU,1,0.212962962962963
515,Islington,2007-2008,00AU,2,0.22800925925925924
516,Islington,2008-2009,00AU,0,0.5080275229357798
517,Islington,2008-2009,00AU,1,0.26146788990825687
518,Islington,2008-2009,00AU,2,0.23050458715596334
519,Islington,2009-2010,00AU,0,0.5358361774744027
520,Islington,2009-2010,00AU,1,0.22070534698521044
521,Islington,2009-2010,00AU,2,0.2434584755403868
522,Islington,2010-2011,00AU,0,0.5526315789473684
523,Islington,2010-2011,00AU,1,0.24043062200956933
524,Islington,2010-2011,00AU,2,0.2069377990430622
525,Islington,2011-2012,00AU,0,0.5
526,Islington,2011-2012,00AU,1,0.2658371040723982
527,Islington,2011-2012,00AU,2,0.23416289592760178
528,Islington,2012-2013,00AU,0,0.475669099756691
529,Islington,2012-2013,00AU,1,0.23844282238442824
530,Islington,2012-2013,00AU,2,0.28588807785888076
531,Islington,2013-2014,00AU,0,0.46635182998819363
532,Islington,2013-2014,00AU,1,0.30224321133412047
533,Islington,2013-2014,00AU,2,0.23140495867768596
534,Islington,2014-2015,00AU,0,0.49602724177071517
535,Islington,2014-2015,00AU,1,0.25312145289443816
536,Islington,2014-2015,00AU,2,0.2508513053348468
537,Islington,2015-2016,00AU,0,0.5377358490566038
538,Islington,2015-2016,00AU,1,0.2346698113207547
539,Islington,2015-2016,00AU,2,0.2275943396226415
540,Kensington And Chelsea,2005-2006,00AW,0,0.5016910935738444
541,Kensington And Chelsea,2005-2006,00AW,1,0.2525366403607666
542,Kensington And Chelsea,2005-2006,00AW,2,0.24577226606538896
543,Kensington And Chelsea,2007-2008,00AW,0,0.4668218859138534
544,Kensington And Chelsea,2007-2008,00AW,1,0.2502910360884749
545,Kensington And Chelsea,2007-2008,00AW,2,0.2828870779976717
546,Kensington And Chelsea,2008-2009,00AW,0,0.47673098751418846
547,Kensington And Chelsea,2008-2009,00AW,1,0.2883087400681045
548,Kensington And Chelsea,2008-2009,00AW,2,0.23496027241770717
549,Kensington And Chelsea,2009-2010,00AW,0,0.4636058230683091
550,Kensington And Chelsea,2009-2010,00AW,1,0.24860022396416573
551,Kensington And Chelsea,2009-2010,00AW,2,0.28779395296752525
552,Kensington And Chelsea,2010-2011,00AW,0,0.5062713797035348
553,Kensington And Chelsea,2010-2011,00AW,1,0.2611174458380844
554,Kensington And Chelsea,2010-2011,00AW,2,0.23261117445838084
555,Kensington And Chelsea,2011-2012,00AW,0,0.48236632536973834
556,Kensington And Chelsea,2011-2012,00AW,1,0.1934015927189989
557,Kensington And Chelsea,2011-2012,00AW,2,0.3242320819112628
558,Kensington And Chelsea,2012-2013,00AW,0,0.4988662131519274
559,Kensington And Chelsea,2012-2013,00AW,1,0.21541950113378686
560,Kensington And Chelsea,2012-2013,00AW,2,0.2857142857142857
561,Kensington And Chelsea,2013-2014,00AW,0,0.5583700440528635
562,Kensington And Chelsea,2013-2014,00AW,1,0.22136563876651985
563,Kensington And Chelsea,2013-2014,00AW,2,0.22026431718061676
564,Kensington And Chelsea,2014-2015,00AW,0,0.5155210643015521
565,Kensington And Chelsea,2014-2015,00AW,1,0.2062084257206209
566,Kensington And Chelsea,2014-2015,00AW,2,0.27827050997782704
567,Kensington And Chelsea,2015-2016,00AW,0,0.46623093681917216
568,Kensington And Chelsea,2015-2016,00AW,1,0.21786492374727673
569,Kensington And Chelsea,2015-2016,00AW,2,0.3159041394335512
570,Kingston Upon Thames,2005-2006,00AX,0,0.5326576576576577
571,Kingston Upon Thames,2005-2006,00AX,1,0.26013513513513514
572,Kingston Upon Thames,2005-2006,00AX,2,0.20720720720720723
573,Kingston Upon Thames,2007-2008,00AX,0,0.5408653846153846
574,Kingston Upon Thames,2007-2008,00AX,1,0.265625
575,Kingston Upon Thames,2007-2008,00AX,2,0.19350961538461536
576,Kingston Upon Thames,2008-2009,00AX,0,0.49538106235565815
577,Kingston Upon Thames,2008-2009,00AX,1,0.23672055427251737
578,Kingston Upon Thames,2008-2009,00AX,2,0.2678983833718244
579,Kingston Upon Thames,2009-2010,00AX,0,0.5075669383003493
580,Kingston Upon Thames,2009-2010,00AX,1,0.24563445867287542
581,Kingston Upon Thames,2009-2010,00AX,2,0.2467986030267753
582,Kingston Upon Thames,2010-2011,00AX,0,0.4854819976771197
583,Kingston Upon Thames,2010-2011,00AX,1,0.26829268292682923
584,Kingston Upon Thames,2010-2011,00AX,2,0.24622531939605113
585,Kingston Upon Thames,2011-2012,00AX,0,0.5468926553672316
586,Kingston Upon Thames,2011-2012,00AX,1,0.22033898305084745
587,Kingston Upon Thames,2011-2012,00AX,2,0.2327683615819209
588,Kingston Upon Thames,2012-2013,00AX,0,0.5128205128205128
589,Kingston Upon Thames,2012-2013,00AX,1,0.2599067599067599
590,Kingston Upon Thames,2012-2013,00AX,2,0.22727272727272727
591,Kingston Upon Thames,2013-2014,00AX,0,0.5378704720087816
592,Kingston Upon Thames,2013-2014,00AX,1,0.23161361141602638
593,Kingston Upon Thames,2013-2014,00AX,2,0.23051591657519208
594,Kingston Upon Thames,2014-2015,00AX,0,0.5404494382022472
595,Kingston Upon Thames,2014-2015,00AX,1,0.2561797752808988
596,Kingston Upon Thames,2014-2015,00AX,2,0.20337078651685395
597,Kingston Upon Thames,2015-2016,00AX,0,0.49097065462753947
598,Kingston Upon Thames,2015-2016,00AX,1,0.25056433408577883
599,Kingston Upon Thames,2015-2016,00AX,2,0.2584650112866817
600,Lambeth,2005-2006,00AY,0,0.5622857142857144
601,Lambeth,2005-2006,00AY,1,0.23199999999999996
602,Lambeth,2005-2006,00AY,2,0.2057142857142857
603,Lambeth,2007-2008,00AY,0,0.5430232558139535
604,Lambeth,2007-2008,00AY,1,0.21046511627906972
605,Lambeth,2007-2008,00AY,2,0.24651162790697675
606,Lambeth,2008-2009,00AY,0,0.5069444444444444
607,Lambeth,2008-2009,00AY,1,0.27430555555555564
608,Lambeth,2008-2009,00AY,2,0.21875
609,Lambeth,2009-2010,00AY,0,0.52
610,Lambeth,2009-2010,00AY,1,0.30514285714285716
611,Lambeth,2009-2010,00AY,2,0.17485714285714285
612,Lambeth,2010-2011,00AY,0,0.4725643896976484
613,Lambeth,2010-2011,00AY,1,0.26651735722284436
614,Lambeth,2010-2011,00AY,2,0.2609182530795073
615,Lambeth,2011-2012,00AY,0,0.5234093637454982
616,Lambeth,2011-2012,00AY,1,0.2328931572629052
617,Lambeth,2011-2012,00AY,2,0.24369747899159666
618,Lambeth,2012-2013,00AY,0,0.5137299771167049
619,Lambeth,2012-2013,00AY,1,0.22196796338672767
620,Lambeth,2012-2013,00AY,2,0.26430205949656754
621,Lambeth,2013-2014,00AY,0,0.4823261117445838
622,Lambeth,2013-2014,00AY,1,0.23489167616875709
623,Lambeth,2013-2014,00AY,2,0.28278221208665905
624,Lambeth,2014-2015,00AY,0,0.49722530521642627
625,Lambeth,2014-2015,00AY,1,0.2630410654827969
626,Lambeth,2014-2015,00AY,2,0.239733629300777
627,Lambeth,2015-2016,00AY,0,0.5005649717514125
628,Lambeth,2015-2016,00AY,1,0.25762711864406784
629,Lambeth,2015-2016,00AY,2,0.2418079096045198
630,Lewisham,2005-2006,00AZ,0,0.6211251435132031
631,Lewisham,2005-2006,00AZ,1,0.18943742824339838
632,Lewisham,2005-2006,00AZ,2,0.18943742824339838
633,Lewisham,2007-2008,00AZ,0,0.5524475524475524
634,Lewisham,2007-2008,00AZ,1,0.2692307692307693
635,Lewisham,2007-2008,00AZ,2,0.17832167832167833
636,Lewisham,2008-2009,00AZ,0,0.6065759637188208
637,Lewisham,2008-2009,00AZ,1,0.2108843537414966
638,Lewisham,2008-2009,00AZ,2,0.18253968253968253
639,Lewisham,2009-2010,00AZ,0,0.5902031063321386
640,Lewisham,2009-2010,00AZ,1,0.23297491039426518
641,Lewisham,2009-2010,00AZ,2,0.17682198327359622
642,Lewisham,2010-2011,00AZ,0,0.6142697881828316
643,Lewisham,2010-2011,00AZ,1,0.2129319955406912
644,Lewisham,2010-2011,00AZ,2,0.17279821627647712
645,Lewisham,2011-2012,00AZ,0,0.5845238095238097
646,Lewisham,2011-2012,00AZ,1,0.19880952380952382
647,Lewisham,2011-2012,00AZ,2,0.2166666666666667
648,Lewisham,2012-2013,00AZ,0,0.557919621749409
649,Lewisham,2012-2013,00AZ,1,0.2718676122931442
650,Lewisham,2012-2013,00AZ,2,0.17021276595744683
651,Lewisham,2013-2014,00AZ,0,0.6340909090909091
652,Lewisham,2013-2014,00AZ,1,0.21704545454545457
653,Lewisham,2013-2014,00AZ,2,0.1488636363636364
654,Lewisham,2014-2015,00AZ,0,0.5960698689956332
655,Lewisham,2014-2015,00AZ,1,0.23034934497816592
656,Lewisham,2014-2015,00AZ,2,0.17358078602620086
657,Lewisham,2015-2016,00AZ,0,0.592255125284738
658,Lewisham,2015-2016,00AZ,1,0.1993166287015945
659,Lewisham,2015-2016,00AZ,2,0.20842824601366738
660,London,2005-2006,H,0,0.505725190839695
661,London,2007-2008,H,0,0.478846153846154
662,London,2008-2009,H,0,0.473138548539114
663,London,2009-2010,H,0,0.483317445185891
664,London,2010-2011,H,0,0.483590733590734
665,London,2011-2012,H,0,0.468306527909177
666,London,2012-2013,H,0,0.460600375234522
667,London,2013-2014,H,0,0.471751412429378
668,London,2014-2015,H,0,0.477335800185014
669,London,2015-2016,H,0,0.476056338028169
670,London,2005-2006,H,1,0.336832061068702
671,London,2007-2008,H,1,0.355769230769231
672,London,2008-2009,H,1,0.358152686145146
673,London,2009-2010,H,1,0.350810295519542
674,London,2010-2011,H,1,0.353281853281853
675,London,2011-2012,H,1,0.357615894039735
676,London,2012-2013,H,1,0.361163227016886
677,London,2013-2014,H,1,0.357815442561205
678,London,2014-2015,H,1,0.351526364477336
679,London,2015-2016,H,1,0.354929577464789
680,London,2005-2006,H,2,0.157442748091603
681,London,2007-2008,H,2,0.165384615384615
682,London,2008-2009,H,2,0.16870876531574
683,London,2009-2010,H,2,0.165872259294566
684,London,2010-2011,H,2,0.163127413127413
685,London,2011-2012,H,2,0.174077578051088
686,London,2012-2013,H,2,0.178236397748593
687,London,2013-2014,H,2,0.170433145009416
688,London,2014-2015,H,2,0.17113783533765
689,London,2015-2016,H,2,0.169014084507042
690,Merton,2005-2006,00BA,0,0.5643896976483762
691,Merton,2005-2006,00BA,1,0.2430011198208287
692,Merton,2005-2006,00BA,2,0.19260918253079506
693,Merton,2007-2008,00BA,0,0.5539160045402951
694,Merton,2007-2008,00BA,1,0.2372304199772985
695,Merton,2007-2008,00BA,2,0.20885357548240635
696,Merton,2008-2009,00BA,0,0.5353881278538812
697,Merton,2008-2009,00BA,1,0.23972602739726032
698,Merton,2008-2009,00BA,2,0.22488584474885842
699,Merton,2009-2010,00BA,0,0.544165757906216
700,Merton,2009-2010,00BA,1,0.22137404580152673
701,Merton,2009-2010,00BA,2,0.23446019629225737
702,Merton,2010-2011,00BA,0,0.5945330296127562
703,Merton,2010-2011,00BA,1,0.24487471526195903
704,Merton,2010-2011,00BA,2,0.1605922551252847
705,Merton,2011-2012,00BA,0,0.5937499999999999
706,Merton,2011-2012,00BA,1,0.2199074074074074
707,Merton,2011-2012,00BA,2,0.1863425925925926
708,Merton,2012-2013,00BA,0,0.5102739726027398
709,Merton,2012-2013,00BA,1,0.23173515981735157
710,Merton,2012-2013,00BA,2,0.2579908675799087
711,Merton,2013-2014,00BA,0,0.547646383467279
712,Merton,2013-2014,00BA,1,0.23880597014925367
713,Merton,2013-2014,00BA,2,0.21354764638346732
714,Merton,2014-2015,00BA,0,0.5077951002227171
715,Merton,2014-2015,00BA,1,0.2238307349665924
716,Merton,2014-2015,00BA,2,0.26837416481069043
717,Merton,2015-2016,00BA,0,0.5410022779043281
718,Merton,2015-2016,00BA,1,0.2164009111617312
719,Merton,2015-2016,00BA,2,0.2425968109339408
720,Newham,2005-2006,00BB,0,0.7041156840934372
721,Newham,2005-2006,00BB,1,0.15684093437152394
722,Newham,2005-2006,00BB,2,0.13904338153503892
723,Newham,2007-2008,00BB,0,0.6688963210702341
724,Newham,2007-2008,00BB,1,0.18617614269788182
725,Newham,2007-2008,00BB,2,0.1449275362318841
726,Newham,2008-2009,00BB,0,0.6697038724373576
727,Newham,2008-2009,00BB,1,0.18337129840546695
728,Newham,2008-2009,00BB,2,0.14692482915717542
729,Newham,2009-2010,00BB,0,0.7025171624713958
730,Newham,2009-2010,00BB,1,0.14416475972540047
731,Newham,2009-2010,00BB,2,0.15331807780320367
732,Newham,2010-2011,00BB,0,0.6685584562996595
733,Newham,2010-2011,00BB,1,0.18955732122587965
734,Newham,2010-2011,00BB,2,0.14188422247446084
735,Newham,2011-2012,00BB,0,0.6863636363636363
736,Newham,2011-2012,00BB,1,0.14431818181818185
737,Newham,2011-2012,00BB,2,0.1693181818181818
738,Newham,2012-2013,00BB,0,0.6756756756756757
739,Newham,2012-2013,00BB,1,0.14162162162162162
740,Newham,2012-2013,00BB,2,0.18270270270270267
741,Newham,2013-2014,00BB,0,0.6816647919010124
742,Newham,2013-2014,00BB,1,0.1473565804274466
743,Newham,2013-2014,00BB,2,0.17097862767154104
744,Newham,2014-2015,00BB,0,0.6775244299674268
745,Newham,2014-2015,00BB,1,0.17046688382193267
746,Newham,2014-2015,00BB,2,0.15200868621064065
747,Newham,2015-2016,00BB,0,0.6445652173913042
748,Newham,2015-2016,00BB,1,0.1782608695652174
749,Newham,2015-2016,00BB,2,0.17717391304347826
750,Redbridge,2005-2006,00BC,0,0.6087936865839909
751,Redbridge,2005-2006,00BC,1,0.2040586245772266
752,Redbridge,2005-2006,00BC,2,0.18714768883878238
753,Redbridge,2007-2008,00BC,0,0.5613259668508287
754,Redbridge,2007-2008,00BC,1,0.2397790055248619
755,Redbridge,2007-2008,00BC,2,0.19889502762430938
756,Redbridge,2008-2009,00BC,0,0.609865470852018
757,Redbridge,2008-2009,00BC,1,0.2062780269058296
758,Redbridge,2008-2009,00BC,2,0.18385650224215247
759,Redbridge,2009-2010,00BC,0,0.6285046728971961
760,Redbridge,2009-2010,00BC,1,0.18925233644859815
761,Redbridge,2009-2010,00BC,2,0.1822429906542056
762,Redbridge,2010-2011,00BC,0,0.6294247787610618
763,Redbridge,2010-2011,00BC,1,0.18694690265486727
764,Redbridge,2010-2011,00BC,2,0.1836283185840708
765,Redbridge,2011-2012,00BC,0,0.6064659977703456
766,Redbridge,2011-2012,00BC,1,0.19843924191750278
767,Redbridge,2011-2012,00BC,2,0.1950947603121516
768,Redbridge,2012-2013,00BC,0,0.5536723163841808
769,Redbridge,2012-2013,00BC,1,0.25649717514124293
770,Redbridge,2012-2013,00BC,2,0.18983050847457628
771,Redbridge,2013-2014,00BC,0,0.567351598173516
772,Redbridge,2013-2014,00BC,1,0.20662100456621002
773,Redbridge,2013-2014,00BC,2,0.22602739726027396
774,Redbridge,2014-2015,00BC,0,0.6043083900226757
775,Redbridge,2014-2015,00BC,1,0.19047619047619044
776,Redbridge,2014-2015,00BC,2,0.20521541950113384
777,Redbridge,2015-2016,00BC,0,0.5993340732519423
778,Redbridge,2015-2016,00BC,1,0.2397336293007769
779,Redbridge,2015-2016,00BC,2,0.1609322974472808
780,Richmond Upon Thames,2005-2006,00BD,0,0.4777142857142857
781,Richmond Upon Thames,2005-2006,00BD,1,0.2754285714285714
782,Richmond Upon Thames,2005-2006,00BD,2,0.24685714285714289
783,Richmond Upon Thames,2007-2008,00BD,0,0.48853211009174313
784,Richmond Upon Thames,2007-2008,00BD,1,0.25688073394495414
785,Richmond Upon Thames,2007-2008,00BD,2,0.2545871559633028
786,Richmond Upon Thames,2008-2009,00BD,0,0.4853273137697517
787,Richmond Upon Thames,2008-2009,00BD,1,0.2663656884875847
788,Richmond Upon Thames,2008-2009,00BD,2,0.24830699774266365
789,Richmond Upon Thames,2009-2010,00BD,0,0.47608453837597337
790,Richmond Upon Thames,2009-2010,00BD,1,0.2780867630700779
791,Richmond Upon Thames,2009-2010,00BD,2,0.24582869855394887
792,Richmond Upon Thames,2010-2011,00BD,0,0.4410430839002268
793,Richmond Upon Thames,2010-2011,00BD,1,0.2743764172335601
794,Richmond Upon Thames,2010-2011,00BD,2,0.28458049886621317
795,Richmond Upon Thames,2011-2012,00BD,0,0.44349939246658565
796,Richmond Upon Thames,2011-2012,00BD,1,0.2600243013365735
797,Richmond Upon Thames,2011-2012,00BD,2,0.29647630619684084
798,Richmond Upon Thames,2012-2013,00BD,0,0.4200913242009132
799,Richmond Upon Thames,2012-2013,00BD,1,0.2762557077625571
800,Richmond Upon Thames,2012-2013,00BD,2,0.3036529680365297
801,Richmond Upon Thames,2013-2014,00BD,0,0.41638225255972694
802,Richmond Upon Thames,2013-2014,00BD,1,0.3276450511945393
803,Richmond Upon Thames,2013-2014,00BD,2,0.25597269624573377
804,Richmond Upon Thames,2014-2015,00BD,0,0.4222474460839955
805,Richmond Upon Thames,2014-2015,00BD,1,0.2939841089670829
806,Richmond Upon Thames,2014-2015,00BD,2,0.28376844494892167
807,Richmond Upon Thames,2015-2016,00BD,0,0.47338618346545863
808,Richmond Upon Thames,2015-2016,00BD,1,0.27746319365798416
809,Richmond Upon Thames,2015-2016,00BD,2,0.2491506228765572
810,Southwark,2005-2006,00BE,0,0.6360544217687074
811,Southwark,2005-2006,00BE,1,0.2131519274376417
812,Southwark,2005-2006,00BE,2,0.15079365079365079
813,Southwark,2007-2008,00BE,0,0.6002331002331002
814,Southwark,2007-2008,00BE,1,0.2051282051282051
815,Southwark,2007-2008,00BE,2,0.1946386946386946
816,Southwark,2008-2009,00BE,0,0.5580046403712297
817,Southwark,2008-2009,00BE,1,0.21461716937354985
818,Southwark,2008-2009,00BE,2,0.2273781902552204
819,Southwark,2009-2010,00BE,0,0.5782556750298686
820,Southwark,2009-2010,00BE,1,0.22222222222222224
821,Southwark,2009-2010,00BE,2,0.19952210274790919
822,Southwark,2010-2011,00BE,0,0.5501113585746102
823,Southwark,2010-2011,00BE,1,0.2505567928730512
824,Southwark,2010-2011,00BE,2,0.19933184855233854
825,Southwark,2011-2012,00BE,0,0.5444839857651246
826,Southwark,2011-2012,00BE,1,0.22657176749703442
827,Southwark,2011-2012,00BE,2,0.22894424673784106
828,Southwark,2012-2013,00BE,0,0.5608646188850966
829,Southwark,2012-2013,00BE,1,0.22184300341296928
830,Southwark,2012-2013,00BE,2,0.21729237770193402
831,Southwark,2013-2014,00BE,0,0.5695509309967142
832,Southwark,2013-2014,00BE,1,0.24863088718510398
833,Southwark,2013-2014,00BE,2,0.18181818181818182
834,Southwark,2014-2015,00BE,0,0.6071428571428571
835,Southwark,2014-2015,00BE,1,0.21313364055299538
836,Southwark,2014-2015,00BE,2,0.17972350230414744
837,Southwark,2015-2016,00BE,0,0.6123595505617977
838,Southwark,2015-2016,00BE,1,0.19999999999999996
839,Southwark,2015-2016,00BE,2,0.1876404494382022
840,Sutton,2005-2006,00BF,0,0.5995475113122172
841,Sutton,2005-2006,00BF,1,0.22963800904977374
842,Sutton,2005-2006,00BF,2,0.17081447963800905
843,Sutton,2007-2008,00BF,0,0.5133876600698486
844,Sutton,2007-2008,00BF,1,0.3119906868451688
845,Sutton,2007-2008,00BF,2,0.1746216530849825
846,Sutton,2008-2009,00BF,0,0.5740944017563118
847,Sutton,2008-2009,00BF,1,0.23490669593852906
848,Sutton,2008-2009,00BF,2,0.19099890230515915
849,Sutton,2009-2010,00BF,0,0.5625717566016073
850,Sutton,2009-2010,00BF,1,0.24913892078071187
851,Sutton,2009-2010,00BF,2,0.1882893226176808
852,Sutton,2010-2011,00BF,0,0.5272727272727273
853,Sutton,2010-2011,00BF,1,0.23272727272727275
854,Sutton,2010-2011,00BF,2,0.24000000000000002
855,Sutton,2011-2012,00BF,0,0.5887640449438203
856,Sutton,2011-2012,00BF,1,0.2382022471910112
857,Sutton,2011-2012,00BF,2,0.17303370786516853
858,Sutton,2012-2013,00BF,0,0.5503432494279176
859,Sutton,2012-2013,00BF,1,0.23112128146453081
860,Sutton,2012-2013,00BF,2,0.21853546910755145
861,Sutton,2013-2014,00BF,0,0.6062992125984252
862,Sutton,2013-2014,00BF,1,0.22722159730033742
863,Sutton,2013-2014,00BF,2,0.16647919010123738
864,Sutton,2014-2015,00BF,0,0.5905598243688255
865,Sutton,2014-2015,00BF,1,0.21075740944017562
866,Sutton,2014-2015,00BF,2,0.19868276619099895
867,Sutton,2015-2016,00BF,0,0.5961098398169338
868,Sutton,2015-2016,00BF,1,0.2070938215102975
869,Sutton,2015-2016,00BF,2,0.19679633867276888
870,Tower Hamlets,2005-2006,00BG,0,0.6306306306306306
871,Tower Hamlets,2005-2006,00BG,1,0.179054054054054
872,Tower Hamlets,2005-2006,00BG,2,0.19031531531531526
873,Tower Hamlets,2007-2008,00BG,0,0.5988571428571428
874,Tower Hamlets,2007-2008,00BG,1,0.22285714285714286
875,Tower Hamlets,2007-2008,00BG,2,0.17828571428571427
876,Tower Hamlets,2008-2009,00BG,0,0.6111111111111112
877,Tower Hamlets,2008-2009,00BG,1,0.22888888888888884
878,Tower Hamlets,2008-2009,00BG,2,0.16
879,Tower Hamlets,2009-2010,00BG,0,0.568868980963046
880,Tower Hamlets,2009-2010,00BG,1,0.22508398656215006
881,Tower Hamlets,2009-2010,00BG,2,0.20604703247480402
882,Tower Hamlets,2010-2011,00BG,0,0.5655644241733181
883,Tower Hamlets,2010-2011,00BG,1,0.24971493728620298
884,Tower Hamlets,2010-2011,00BG,2,0.1847206385404789
885,Tower Hamlets,2011-2012,00BG,0,0.5828635851183765
886,Tower Hamlets,2011-2012,00BG,1,0.22886133032694478
887,Tower Hamlets,2011-2012,00BG,2,0.18827508455467867
888,Tower Hamlets,2012-2013,00BG,0,0.5682574916759157
889,Tower Hamlets,2012-2013,00BG,1,0.22641509433962265
890,Tower Hamlets,2012-2013,00BG,2,0.2053274139844617
891,Tower Hamlets,2013-2014,00BG,0,0.5751708428246014
892,Tower Hamlets,2013-2014,00BG,1,0.1970387243735763
893,Tower Hamlets,2013-2014,00BG,2,0.22779043280182237
894,Tower Hamlets,2014-2015,00BG,0,0.58157602663707
895,Tower Hamlets,2014-2015,00BG,1,0.22530521642619314
896,Tower Hamlets,2014-2015,00BG,2,0.19311875693673694
897,Tower Hamlets,2015-2016,00BG,0,0.5469613259668509
898,Tower Hamlets,2015-2016,00BG,1,0.18895027624309393
899,Tower Hamlets,2015-2016,00BG,2,0.2640883977900553
900,Waltham Forest,2005-2006,00BH,0,0.6437429537767756
901,Waltham Forest,2005-2006,00BH,1,0.19391206313416004
902,Waltham Forest,2005-2006,00BH,2,0.16234498308906425
903,Waltham Forest,2007-2008,00BH,0,0.6194690265486726
904,Waltham Forest,2007-2008,00BH,1,0.20132743362831854
905,Waltham Forest,2007-2008,00BH,2,0.17920353982300885
906,Waltham Forest,2008-2009,00BH,0,0.6134636264929424
907,Waltham Forest,2008-2009,00BH,1,0.1943539630836048
908,Waltham Forest,2008-2009,00BH,2,0.19218241042345274
909,Waltham Forest,2009-2010,00BH,0,0.6349206349206349
910,Waltham Forest,2009-2010,00BH,1,0.1768707482993197
911,Waltham Forest,2009-2010,00BH,2,0.18820861678004533
912,Waltham Forest,2010-2011,00BH,0,0.578397212543554
913,Waltham Forest,2010-2011,00BH,1,0.2206736353077816
914,Waltham Forest,2010-2011,00BH,2,0.20092915214866436
915,Waltham Forest,2011-2012,00BH,0,0.5491525423728814
916,Waltham Forest,2011-2012,00BH,1,0.25197740112994343
917,Waltham Forest,2011-2012,00BH,2,0.19887005649717515
918,Waltham Forest,2012-2013,00BH,0,0.5920617420066152
919,Waltham Forest,2012-2013,00BH,1,0.21940463065049612
920,Waltham Forest,2012-2013,00BH,2,0.18853362734288864
921,Waltham Forest,2013-2014,00BH,0,0.5730211817168339
922,Waltham Forest,2013-2014,00BH,1,0.2541806020066889
923,Waltham Forest,2013-2014,00BH,2,0.17279821627647715
924,Waltham Forest,2014-2015,00BH,0,0.5978021978021978
925,Waltham Forest,2014-2015,00BH,1,0.24285714285714285
926,Waltham Forest,2014-2015,00BH,2,0.15934065934065933
927,Waltham Forest,2015-2016,00BH,0,0.5667420814479638
928,Waltham Forest,2015-2016,00BH,1,0.2748868778280542
929,Waltham Forest,2015-2016,00BH,2,0.15837104072398192
930,Wandsworth,2005-2006,00BJ,0,0.5139211136890951
931,Wandsworth,2005-2006,00BJ,1,0.2447795823665893
932,Wandsworth,2005-2006,00BJ,2,0.2412993039443156
933,Wandsworth,2007-2008,00BJ,0,0.4299175500588928
934,Wandsworth,2007-2008,00BJ,1,0.27326266195524146
935,Wandsworth,2007-2008,00BJ,2,0.2968197879858657
936,Wandsworth,2008-2009,00BJ,0,0.49327354260089684
937,Wandsworth,2008-2009,00BJ,1,0.27802690582959644
938,Wandsworth,2008-2009,00BJ,2,0.22869955156950672
939,Wandsworth,2009-2010,00BJ,0,0.437219730941704
940,Wandsworth,2009-2010,00BJ,1,0.29820627802690586
941,Wandsworth,2009-2010,00BJ,2,0.2645739910313901
942,Wandsworth,2010-2011,00BJ,0,0.4660421545667447
943,Wandsworth,2010-2011,00BJ,1,0.2845433255269321
944,Wandsworth,2010-2011,00BJ,2,0.24941451990632318
945,Wandsworth,2011-2012,00BJ,0,0.5055555555555555
946,Wandsworth,2011-2012,00BJ,1,0.2288888888888889
947,Wandsworth,2011-2012,00BJ,2,0.26555555555555554
948,Wandsworth,2012-2013,00BJ,0,0.47630331753554506
949,Wandsworth,2012-2013,00BJ,1,0.2476303317535545
950,Wandsworth,2012-2013,00BJ,2,0.2760663507109005
951,Wandsworth,2013-2014,00BJ,0,0.5076380728554643
952,Wandsworth,2013-2014,00BJ,1,0.24206815511163338
953,Wandsworth,2013-2014,00BJ,2,0.2502937720329025
954,Wandsworth,2014-2015,00BJ,0,0.39598108747044913
955,Wandsworth,2014-2015,00BJ,1,0.2706855791962175
956,Wandsworth,2014-2015,00BJ,2,0.33333333333333326
957,Wandsworth,2015-2016,00BJ,0,0.5298165137614679
958,Wandsworth,2015-2016,00BJ,1,0.22591743119266053
959,Wandsworth,2015-2016,00BJ,2,0.24426605504587157
960,Westminster,2005-2006,00BK,0,0.5508571428571429
961,Westminster,2005-2006,00BK,1,0.22628571428571423
962,Westminster,2005-2006,00BK,2,0.22285714285714286
963,Westminster,2007-2008,00BK,0,0.5301624129930395
964,Westminster,2007-2008,00BK,1,0.27726218097447797
965,Westminster,2007-2008,00BK,2,0.19257540603248258
966,Westminster,2008-2009,00BK,0,0.5226480836236934
967,Westminster,2008-2009,00BK,1,0.2253193960511034
968,Westminster,2008-2009,00BK,2,0.25203252032520324
969,Westminster,2009-2010,00BK,0,0.49709639953542395
970,Westminster,2009-2010,00BK,1,0.23577235772357721
971,Westminster,2009-2010,00BK,2,0.26713124274099886
972,Westminster,2010-2011,00BK,0,0.5040091638029782
973,Westminster,2010-2011,00BK,1,0.27147766323024053
974,Westminster,2010-2011,00BK,2,0.22451317296678122
975,Westminster,2011-2012,00BK,0,0.47781569965870313
976,Westminster,2011-2012,00BK,1,0.2525597269624573
977,Westminster,2011-2012,00BK,2,0.2696245733788396
978,Westminster,2012-2013,00BK,0,0.5123318385650224
979,Westminster,2012-2013,00BK,1,0.22533632286995517
980,Westminster,2012-2013,00BK,2,0.2623318385650224
981,Westminster,2013-2014,00BK,0,0.5173913043478261
982,Westminster,2013-2014,00BK,1,0.24565217391304348
983,Westminster,2013-2014,00BK,2,0.23695652173913043
984,Westminster,2014-2015,00BK,0,0.5083798882681564
985,Westminster,2014-2015,00BK,1,0.24134078212290505
986,Westminster,2014-2015,00BK,2,0.2502793296089385
987,Westminster,2015-2016,00BK,0,0.5533249686323714
988,Westminster,2015-2016,00BK,1,0.259723964868256
989,Westminster,2015-2016,00BK,2,0.18695106649937263